dataset,repr,V,E,n_cfc,n_armadilhas,ms_leitura,ms_tarjan,ms_armadilha
datasets/gerados/t1.txt,lista,100,400,1,1,4.342,0.014,0.006
datasets/gerados/t1.txt,matriz,100,400,1,1,3.641,0.011,0.004
datasets/gerados/t2.txt,lista,500,2000,39,23,8.054,0.056,0.030
datasets/gerados/t2.txt,matriz,500,2000,39,23,7.514,0.048,0.025
datasets/gerados/t3.txt,lista,1000,4000,18,7,27.328,0.158,0.084
datasets/gerados/t3.txt,matriz,1000,4000,18,7,34.550,0.158,0.041
datasets/gerados/t4.txt,lista,5000,20000,114,66,433.114,1.130,0.828
datasets/gerados/t4.txt,matriz,5000,20000,114,66,393.580,2.441,1.257
datasets/gerados/t5.txt,lista,10000,40000,233,129,2868.320,2.431,5.475
datasets/gerados/t5.txt,matriz,10000,40000,233,129,1908.075,10.361,5.365
datasets/toy/cfc_simples.txt,lista,5,6,3,1,3.370,0.006,0.002
datasets/toy/cfc_simples.txt,matriz,5,6,3,1,10.643,0.009,0.003
